<?xml version="1.0" encoding="UTF-8"?>
<project-private xmlns="http://www.netbeans.org/ns/project-private/1">
    <editor-bookmarks xmlns="http://www.netbeans.org/ns/editor-bookmarks/2" lastBookmarkId="0"/>
    <open-files xmlns="http://www.netbeans.org/ns/projectui-open-files/2">
        <group>
            <file>file:/C:/Users/future/Desktop/Mai/My%20comfort%20zone/My%20Projects/OOP%20Project%20(BlackJack%20)/cardSpriteSheet.png</file>
            <file>file:/C:/Users/future/Desktop/Mai/My%20comfort%20zone/My%20Projects/OOP%20Project%20(BlackJack%20)/backsideOfACard.jpg</file>
            <file>file:/C:/Users/future/Desktop/Mai/My%20comfort%20zone/My%20Projects/OOP%20Project%20(BlackJack%20)/background.png</file>
            <file>file:/C:/Users/future/Desktop/Mai/My%20comfort%20zone/My%20Projects/OOP%20Project%20(BlackJack%20)/blackjackLogo.png</file>
            <file>file:/C:/Users/future/Desktop/Mai/My%20comfort%20zone/My%20Projects/OOP%20Project%20(BlackJack%20)/src/blackjack/BlackJack.java</file>
        </group>
    </open-files>
</project-private>
